-- MariaDB dump 10.19  Distrib 10.4.24-MariaDB, for Win64 (AMD64)
--
-- Host: localhost    Database: datos_italy
-- ------------------------------------------------------
-- Server version	10.4.24-MariaDB

/*!40101 SET @OLD_CHARACTER_SET_CLIENT=@@CHARACTER_SET_CLIENT */;
/*!40101 SET @OLD_CHARACTER_SET_RESULTS=@@CHARACTER_SET_RESULTS */;
/*!40101 SET @OLD_COLLATION_CONNECTION=@@COLLATION_CONNECTION */;
/*!40101 SET NAMES utf8mb4 */;
/*!40103 SET @OLD_TIME_ZONE=@@TIME_ZONE */;
/*!40103 SET TIME_ZONE='+00:00' */;
/*!40014 SET @OLD_UNIQUE_CHECKS=@@UNIQUE_CHECKS, UNIQUE_CHECKS=0 */;
/*!40014 SET @OLD_FOREIGN_KEY_CHECKS=@@FOREIGN_KEY_CHECKS, FOREIGN_KEY_CHECKS=0 */;
/*!40101 SET @OLD_SQL_MODE=@@SQL_MODE, SQL_MODE='NO_AUTO_VALUE_ON_ZERO' */;
/*!40111 SET @OLD_SQL_NOTES=@@SQL_NOTES, SQL_NOTES=0 */;

--
-- Table structure for table `cierre_turno_dia`
--

DROP TABLE IF EXISTS `cierre_turno_dia`;
/*!40101 SET @saved_cs_client     = @@character_set_client */;
/*!40101 SET character_set_client = utf8 */;
CREATE TABLE `cierre_turno_dia` (
  `id_cierre` bigint(50) NOT NULL AUTO_INCREMENT,
  `id_trabajador_Trabajador` bigint(50) NOT NULL,
  `total_comanda` bigint(50) DEFAULT NULL,
  `fecha` date NOT NULL,
  `total_tarjeta_bs` double NOT NULL COMMENT 'total registrado en sistema',
  `total_efectivo_bs` double NOT NULL COMMENT 'total registrado en sistema',
  `total_gastos_bs` double NOT NULL COMMENT 'registrado en sistema',
  `efectivo_fisico_bs` double NOT NULL COMMENT 'efectivo en fisico',
  `tarjeta_fisico_bs` double NOT NULL COMMENT 'tarjeta en fisico',
  `diferencia_bs` double NOT NULL COMMENT 'diferencia=total_efectivo - efectivo en fisico',
  `diferencia_tarjeta_bs` double NOT NULL COMMENT 'diferencia= total_tarjeta - tarjeta en fisico',
  `observacion` varchar(50) DEFAULT NULL,
  `ventaDia` double NOT NULL COMMENT 'Guarda toda la venta sin descontar la compra',
  `costo_dia` double DEFAULT NULL,
  `utilidad_dia` double DEFAULT NULL,
  PRIMARY KEY (`id_cierre`),
  KEY `id_trabajador` (`id_trabajador_Trabajador`),
  CONSTRAINT `cierre_turno_dia_ibfk_1` FOREIGN KEY (`id_trabajador_Trabajador`) REFERENCES `trabajador` (`id_trabajador`) ON DELETE CASCADE ON UPDATE CASCADE
) ENGINE=InnoDB AUTO_INCREMENT=25 DEFAULT CHARSET=utf8mb4 COMMENT='registra todas las ventas hechas en un dia';
/*!40101 SET character_set_client = @saved_cs_client */;

--
-- Dumping data for table `cierre_turno_dia`
--

LOCK TABLES `cierre_turno_dia` WRITE;
/*!40000 ALTER TABLE `cierre_turno_dia` DISABLE KEYS */;
INSERT INTO `cierre_turno_dia` VALUES (2,3,23,'2022-07-02',48,1084.5,84.5,1618.5,48,534,0,'CIERRE HECHO POR  POR ALEXA ',1217,NULL,NULL),(3,1,34,'2022-07-01',0,1176,317.5,1176,0,0,0,'Cierre hecho por jose luna y alexa',1493.5,NULL,NULL),(5,3,43,'2022-07-03',36,1489,330,1800,36,311,0,'cierre hecho por gardenia ',1855,NULL,NULL),(6,1,22,'2022-07-04',0,1086.5,211.5,1980,0,893.5,0,'cierre hecho por gardenia ',1298,NULL,NULL),(7,3,5,'2022-07-05',0,246,251,1991,0,1745,0,'cierre hecho por ximena dejando un sobrante .\n\n',497,NULL,NULL),(8,3,29,'2022-07-06',0,206,311,1395,0,1189,0,'cierre hechopor gardenia',517,NULL,NULL),(9,3,5,'2022-07-07',0,-148,235,148,0,296,0,'sobra 296 bs.',87,0,0),(10,2,5,'2022-07-07',0,-148,235,0,0,148,0,'cierre hecho por jose falta 148 Bs. <>df\n',87,0,0),(11,3,5,'2022-07-08',2279,1799,30,1800,2278,1,-1,'cierre hecho por jose',4108,731,3377),(12,2,2,'2022-07-09',38,0,0,40,0,40,-36,'sobra 4 bs. cierre hecho por jose\n',38,10,28),(13,3,1,'2022-07-12',0,401,5,450,0,49,0,'cierre hecho por jose sobra 50 bs.',406,128,278),(14,2,15,'2022-07-12',0,401,5,410,0,9,0,'cierre hecho por jose sobra 9 Bs.',406,128,278),(15,2,12,'2022-07-12',0,401,5,430,0,29,0,'cierre hecho por jose sobra 29 bs',406,128,278),(16,2,21,'2022-07-12',0,401,5,450,0,49,0,'21',406,128,278),(17,2,15,'2022-07-12',0,401,5,406,0,5,0,'89098',406,128,278),(18,2,21,'2022-07-12',0,401,5,410,0,9,0,'2334',406,128,278),(19,2,32,'2022-07-12',0,401,5,410,0,9,0,'wefkeor54\n',406,128,278),(20,2,12,'2022-07-12',0,401,5,410,0,9,0,'323',406,128,278),(21,3,26,'2022-07-12',0,907,5,912,10,5,10,'5652623',912,295,617),(22,2,0,'2022-07-12',0,907,5,1000,0,93,0,'dsdf564',912,295,617),(23,2,0,'2022-07-12',0,907,5,912,0,5,0,'65465',912,295,617),(24,2,32,'2022-07-12',0,907,5,1234,1233,327,1233,'32423\n',912,295,617);
/*!40000 ALTER TABLE `cierre_turno_dia` ENABLE KEYS */;
UNLOCK TABLES;

--
-- Table structure for table `cliente`
--

DROP TABLE IF EXISTS `cliente`;
/*!40101 SET @saved_cs_client     = @@character_set_client */;
/*!40101 SET character_set_client = utf8 */;
CREATE TABLE `cliente` (
  `id_cliente` bigint(50) NOT NULL AUTO_INCREMENT,
  `ciPersona` varchar(50) DEFAULT NULL,
  `contador_compras_hechas` bigint(50) NOT NULL,
  `fecha` date DEFAULT NULL COMMENT 'Es el primer consumo del cliente',
  PRIMARY KEY (`id_cliente`),
  KEY `ciPersona` (`ciPersona`),
  CONSTRAINT `cliente_ibfk_1` FOREIGN KEY (`ciPersona`) REFERENCES `persona` (`ci`) ON DELETE CASCADE ON UPDATE CASCADE
) ENGINE=InnoDB AUTO_INCREMENT=161 DEFAULT CHARSET=utf8mb4 COMMENT='contar y registrar consumos del cliente';
/*!40101 SET character_set_client = @saved_cs_client */;

--
-- Dumping data for table `cliente`
--

LOCK TABLES `cliente` WRITE;
/*!40000 ALTER TABLE `cliente` DISABLE KEYS */;
INSERT INTO `cliente` VALUES (2,'0',181,NULL),(160,'8439484',5,NULL);
/*!40000 ALTER TABLE `cliente` ENABLE KEYS */;
UNLOCK TABLES;

--
-- Table structure for table `pedido_en_preparacion`
--

DROP TABLE IF EXISTS `pedido_en_preparacion`;
/*!40101 SET @saved_cs_client     = @@character_set_client */;
/*!40101 SET character_set_client = utf8 */;
CREATE TABLE `pedido_en_preparacion` (
  `id_pedido_preparacion` bigint(50) NOT NULL AUTO_INCREMENT,
  `id_producto_final_Prod_Fin` bigint(50) NOT NULL,
  `fecha` date DEFAULT NULL,
  `cantidad` double DEFAULT NULL,
  `venta_unitaria_bs` double NOT NULL,
  `subtotal_bs` double NOT NULL,
  `numero_comanda` bigint(50) NOT NULL,
  `costo_total` double DEFAULT NULL,
  `utilidad` double DEFAULT NULL,
  PRIMARY KEY (`id_pedido_preparacion`),
  KEY `id_producto_final_Prod_Fin` (`id_producto_final_Prod_Fin`),
  CONSTRAINT `pedido_en_preparacion_ibfk_1` FOREIGN KEY (`id_producto_final_Prod_Fin`) REFERENCES `producto_final` (`id_producto_final`) ON DELETE CASCADE ON UPDATE CASCADE
) ENGINE=InnoDB AUTO_INCREMENT=587 DEFAULT CHARSET=utf8mb4 COMMENT='pedidos que se van a preparar y no estan pagados';
/*!40101 SET character_set_client = @saved_cs_client */;

--
-- Dumping data for table `pedido_en_preparacion`
--

LOCK TABLES `pedido_en_preparacion` WRITE;
/*!40000 ALTER TABLE `pedido_en_preparacion` DISABLE KEYS */;
INSERT INTO `pedido_en_preparacion` VALUES (8,10051,'2022-06-30',1,8,8,1,NULL,NULL),(9,10052,'2022-06-30',1,8,8,1,NULL,NULL),(10,10028,'2022-06-30',2,5,10,2,NULL,NULL),(12,10030,'2022-06-30',1,10,10,3,NULL,NULL),(13,10029,'2022-06-30',1,5,5,3,NULL,NULL),(15,10033,'2022-06-30',2,8,16,4,NULL,NULL),(16,10020,'2022-06-30',2,4,8,4,NULL,NULL),(17,10030,'2022-06-30',1,10,10,5,NULL,NULL),(18,10028,'2022-06-30',1,5,5,5,NULL,NULL),(19,10019,'2022-06-30',2,4,8,5,NULL,NULL),(20,10026,'2022-06-30',1,7,7,6,NULL,NULL),(21,10019,'2022-06-30',1,4,4,6,NULL,NULL),(22,10035,'2022-06-30',1,15,15,7,NULL,NULL),(23,10055,'2022-06-30',1,12,12,7,NULL,NULL),(25,10074,'2022-06-30',1,8,8,7,NULL,NULL),(26,10026,'2022-06-30',1,7,7,8,NULL,NULL),(27,10036,'2022-06-30',1,10,10,8,NULL,NULL),(28,10074,'2022-06-30',1,8,8,8,NULL,NULL),(30,10037,'2022-06-30',2,14,28,9,NULL,NULL),(32,10014,'2022-06-30',1,7,7,9,NULL,NULL),(41,10054,'2022-07-01',2,10,20,1,NULL,NULL),(42,10028,'2022-07-01',1,5,5,2,NULL,NULL),(43,10072,'2022-07-01',1,8,8,2,NULL,NULL),(44,10000,'2022-07-01',1,70,70,3,NULL,NULL),(45,10072,'2022-07-01',2,8,16,4,NULL,NULL),(46,10011,'2022-07-01',1,6,6,4,NULL,NULL),(48,10029,'2022-07-01',2,5,10,5,NULL,NULL),(49,10072,'2022-07-01',2,8,16,5,NULL,NULL),(50,10051,'2022-07-01',1,8,8,6,NULL,NULL),(51,10026,'2022-07-01',1,7,7,7,NULL,NULL),(52,10034,'2022-07-01',1,10,10,7,NULL,NULL),(53,10056,'2022-07-01',1,5,5,7,NULL,NULL),(54,10019,'2022-07-01',3,4,12,7,NULL,NULL),(55,10004,'2022-07-01',1,90,90,8,NULL,NULL),(57,10012,'2022-07-01',1,6,6,9,NULL,NULL),(58,10029,'2022-07-01',1,5,5,9,NULL,NULL),(59,10026,'2022-07-01',1,7,7,10,NULL,NULL),(60,10029,'2022-07-01',1,5,5,10,NULL,NULL),(61,10018,'2022-07-01',2,5,10,10,NULL,NULL),(62,10020,'2022-07-01',2,4,8,11,NULL,NULL),(63,10026,'2022-07-01',2,7,14,11,NULL,NULL),(64,10056,'2022-07-01',1,5,5,12,NULL,NULL),(65,10028,'2022-07-01',1,5,5,12,NULL,NULL),(66,10072,'2022-07-01',2,8,16,12,NULL,NULL),(67,10020,'2022-07-01',1,4,4,13,NULL,NULL),(68,10026,'2022-07-01',1,7,7,13,NULL,NULL),(69,10029,'2022-07-01',3,5,15,14,NULL,NULL),(70,10056,'2022-07-01',1,5,5,14,NULL,NULL),(71,10018,'2022-07-01',2,5,10,14,NULL,NULL),(72,10011,'2022-07-01',2,6,12,14,NULL,NULL),(74,10026,'2022-07-01',1,7,7,15,NULL,NULL),(75,10036,'2022-07-01',2,10,20,16,NULL,NULL),(76,10036,'2022-07-01',1,10,10,17,NULL,NULL),(77,10038,'2022-07-01',1,16,16,17,NULL,NULL),(78,10011,'2022-07-01',1,6,6,17,NULL,NULL),(81,10002,'2022-07-01',1,80,80,19,NULL,NULL),(82,10034,'2022-07-01',1,10,10,20,NULL,NULL),(83,10026,'2022-07-01',1,7,7,20,NULL,NULL),(84,10019,'2022-07-01',2,4,8,20,NULL,NULL),(85,10014,'2022-07-01',1,7,7,21,NULL,NULL),(86,10018,'2022-07-01',1,5,5,21,NULL,NULL),(87,10026,'2022-07-01',2,7,14,21,NULL,NULL),(88,10029,'2022-07-01',1,5,5,22,NULL,NULL),(89,10028,'2022-07-01',1,5,5,22,NULL,NULL),(95,10034,'2022-07-01',1,10,10,27,NULL,NULL),(96,10036,'2022-07-01',1,10,10,27,NULL,NULL),(97,10035,'2022-07-01',1,15,15,27,NULL,NULL),(98,10018,'2022-07-01',1,5,5,27,NULL,NULL),(99,10019,'2022-07-01',1,4,4,27,NULL,NULL),(100,10017,'2022-07-01',1,4,4,27,NULL,NULL),(101,10003,'2022-07-01',1,85,85,28,NULL,NULL),(102,10026,'2022-07-01',1,7,7,29,NULL,NULL),(103,10029,'2022-07-01',1,5,5,29,NULL,NULL),(104,10028,'2022-07-01',1,5,5,29,NULL,NULL),(105,10011,'2022-07-01',1,6,6,29,NULL,NULL),(106,10074,'2022-07-01',1,8,8,29,NULL,NULL),(107,10010,'2022-07-01',1,5,5,29,NULL,NULL),(109,10074,'2022-07-01',1,8,8,30,NULL,NULL),(110,10036,'2022-07-01',2,10,20,30,NULL,NULL),(111,10028,'2022-07-01',1,5,5,31,NULL,NULL),(112,10074,'2022-07-01',1,8,8,31,NULL,NULL),(113,10019,'2022-07-01',1,4,4,32,NULL,NULL),(114,10028,'2022-07-01',1,5,5,32,NULL,NULL),(115,10028,'2022-07-01',1,5,5,33,NULL,NULL),(116,10019,'2022-07-01',1,4,4,33,NULL,NULL),(117,10021,'2022-07-01',1,20,20,34,NULL,NULL),(118,10026,'2022-07-02',1,7,7,1,NULL,NULL),(119,10018,'2022-07-02',1,5,5,1,NULL,NULL),(120,10029,'2022-07-02',1,5,5,3,NULL,NULL),(121,10010,'2022-07-02',1,5,5,3,NULL,NULL),(124,10003,'2022-07-02',1,85,85,5,NULL,NULL),(125,10004,'2022-07-02',1,90,90,5,NULL,NULL),(126,10000,'2022-07-02',1,70,70,6,NULL,NULL),(127,10016,'2022-07-02',8,6,48,7,NULL,NULL),(128,10021,'2022-07-02',1,20,20,8,NULL,NULL),(129,10010,'2022-07-02',1,5,5,8,NULL,NULL),(130,10010,'2022-07-02',2,5,10,9,NULL,NULL),(131,10011,'2022-07-02',1,6,6,9,NULL,NULL),(132,10011,'2022-07-02',1,6,6,10,NULL,NULL),(133,10077,'2022-07-02',1,10,10,11,NULL,NULL),(134,10008,'2022-07-02',1,100,100,12,NULL,NULL),(135,10017,'2022-07-02',6,4,16,12,NULL,NULL),(136,10012,'2022-07-02',2,6,12,12,NULL,NULL),(137,10011,'2022-07-02',1,6,6,12,NULL,NULL),(138,10017,'2022-07-02',2,4,8,13,NULL,NULL),(139,10010,'2022-07-02',1,5,5,14,NULL,NULL),(140,10011,'2022-07-02',1,6,6,14,NULL,NULL),(141,10074,'2022-07-02',1,8,8,15,NULL,NULL),(142,10003,'2022-07-02',1,85,85,16,NULL,NULL),(143,10011,'2022-07-02',1,6,6,17,NULL,NULL),(146,10012,'2022-07-02',1,6,6,19,NULL,NULL),(147,10010,'2022-07-02',2,5,10,20,NULL,NULL),(148,10000,'2022-07-02',1,70,70,21,NULL,NULL),(149,10026,'2022-07-02',11,7,70,22,NULL,NULL),(150,10019,'2022-07-02',16,4,60,22,NULL,NULL),(151,10029,'2022-07-02',11,5,55,22,NULL,NULL),(152,10011,'2022-07-02',7,6,30,22,NULL,NULL),(153,10073,'2022-07-02',8,8,64,22,NULL,NULL),(154,10030,'2022-07-02',2,10,10,22,NULL,NULL),(155,10036,'2022-07-02',5,10,50,22,NULL,NULL),(156,10082,'2022-07-02',1,10,10,22,NULL,NULL),(157,10018,'2022-07-02',4,5,15,22,NULL,NULL),(158,10028,'2022-07-02',10,5,45,22,NULL,NULL),(159,10034,'2022-07-02',1,10,10,22,NULL,NULL),(160,10020,'2022-07-02',1,4,4,22,NULL,NULL),(161,10031,'2022-07-02',1,10,10,22,NULL,NULL),(162,10074,'2022-07-02',6,8,32,22,NULL,NULL),(163,10017,'2022-07-02',1,4,4,22,NULL,NULL),(164,10046,'2022-07-02',2,15,15,22,NULL,NULL),(165,10026,'2022-07-02',1,7,7,23,NULL,NULL),(166,10028,'2022-07-02',1,5,5,23,NULL,NULL),(167,10073,'2022-07-02',1,8,8,23,NULL,NULL),(168,10074,'2022-07-02',1,8,8,23,NULL,NULL),(169,10010,'2022-07-02',1,5,5,23,NULL,NULL),(170,10025,'2022-07-03',1,6,6,1,NULL,NULL),(171,10075,'2022-07-03',1,6,6,1,NULL,NULL),(172,10012,'2022-07-03',1,6,6,2,NULL,NULL),(173,10073,'2022-07-03',1,8,8,3,NULL,NULL),(174,10014,'2022-07-03',1,7,7,3,NULL,NULL),(175,10026,'2022-07-03',1,7,7,3,NULL,NULL),(176,10036,'2022-07-03',1,10,10,3,NULL,NULL),(177,10073,'2022-07-03',2,8,16,10,NULL,NULL),(178,10056,'2022-07-03',1,5,5,10,NULL,NULL),(179,10026,'2022-07-03',2,7,14,11,NULL,NULL),(180,10073,'2022-07-03',2,8,16,11,NULL,NULL),(181,10018,'2022-07-03',2,5,10,12,NULL,NULL),(182,10074,'2022-07-03',1,8,8,12,NULL,NULL),(183,10036,'2022-07-03',3,10,30,12,NULL,NULL),(184,10026,'2022-07-03',1,7,7,12,NULL,NULL),(185,10002,'2022-07-03',1,80,80,13,NULL,NULL),(186,10019,'2022-07-03',1,4,4,14,NULL,NULL),(187,10017,'2022-07-03',1,4,4,14,NULL,NULL),(188,10049,'2022-07-03',2,2,4,14,NULL,NULL),(189,10003,'2022-07-03',1,85,85,15,NULL,NULL),(190,10000,'2022-07-03',1,70,70,16,NULL,NULL),(191,10049,'2022-07-03',1,2,2,17,NULL,NULL),(192,10018,'2022-07-03',1,5,5,17,NULL,NULL),(193,10074,'2022-07-03',1,8,8,18,NULL,NULL),(194,10002,'2022-07-03',1,80,80,19,NULL,NULL),(195,10003,'2022-07-03',1,85,85,20,NULL,NULL),(196,10075,'2022-07-03',1,6,6,21,NULL,NULL),(197,10003,'2022-07-03',1,85,85,22,NULL,NULL),(198,10012,'2022-07-03',1,6,6,23,NULL,NULL),(199,10053,'2022-07-03',1,10,10,24,NULL,NULL),(200,10051,'2022-07-03',1,8,8,24,NULL,NULL),(201,10017,'2022-07-03',3,4,12,25,NULL,NULL),(202,10017,'2022-07-03',1,4,4,26,NULL,NULL),(203,10000,'2022-07-03',1,70,70,27,NULL,NULL),(204,10037,'2022-07-03',2,14,28,28,NULL,NULL),(205,10074,'2022-07-03',2,8,16,28,NULL,NULL),(206,10074,'2022-07-03',1,8,8,29,NULL,NULL),(207,10073,'2022-07-03',1,8,8,29,NULL,NULL),(208,10031,'2022-07-03',2,10,20,29,NULL,NULL),(209,10031,'2022-07-03',2,10,20,30,NULL,NULL),(210,10073,'2022-07-03',1,8,8,30,NULL,NULL),(211,10074,'2022-07-03',1,8,8,30,NULL,NULL),(212,10037,'2022-07-03',2,14,28,31,NULL,NULL),(213,10074,'2022-07-03',1,8,8,31,NULL,NULL),(214,10012,'2022-07-03',1,6,6,31,NULL,NULL),(215,10074,'2022-07-03',5,8,40,32,NULL,NULL),(216,10037,'2022-07-03',4,14,56,32,NULL,NULL),(217,10028,'2022-07-03',1,5,5,32,NULL,NULL),(218,10017,'2022-07-03',5,4,20,32,NULL,NULL),(219,10028,'2022-07-03',2,5,10,33,NULL,NULL),(220,10019,'2022-07-03',2,4,8,33,NULL,NULL),(221,10012,'2022-07-03',2,6,12,34,NULL,NULL),(222,10029,'2022-07-03',2,5,10,34,NULL,NULL),(223,10014,'2022-07-03',1,7,7,35,NULL,NULL),(224,10028,'2022-07-03',1,5,5,35,NULL,NULL),(225,10033,'2022-07-03',1,8,8,35,NULL,NULL),(226,10054,'2022-07-03',1,10,10,35,NULL,NULL),(227,10003,'2022-07-03',1,85,85,36,NULL,NULL),(228,10026,'2022-07-03',3,7,21,37,NULL,NULL),(229,10018,'2022-07-03',3,5,15,37,NULL,NULL),(230,10037,'2022-07-03',2,14,28,38,NULL,NULL),(231,10047,'2022-07-03',1,15,15,38,NULL,NULL),(232,10020,'2022-07-03',1,4,4,38,NULL,NULL),(233,10014,'2022-07-03',1,7,7,38,NULL,NULL),(234,10004,'2022-07-03',1,90,90,39,NULL,NULL),(235,10026,'2022-07-03',2,7,14,40,NULL,NULL),(236,10019,'2022-07-03',2,4,8,40,NULL,NULL),(237,10019,'2022-07-03',2,4,8,41,NULL,NULL),(238,10030,'2022-07-03',8,10,80,42,NULL,NULL),(239,10019,'2022-07-03',3,4,8,42,NULL,NULL),(240,10026,'2022-07-03',2,7,14,42,NULL,NULL),(241,10018,'2022-07-03',9,5,45,42,NULL,NULL),(242,10020,'2022-07-03',1,4,4,42,NULL,NULL),(243,10013,'2022-07-03',4,6,24,42,NULL,NULL),(244,10037,'2022-07-03',4,14,56,42,NULL,NULL),(245,10043,'2022-07-03',1,12,12,42,NULL,NULL),(246,10014,'2022-07-03',2,7,14,42,NULL,NULL),(247,10034,'2022-07-03',2,10,20,42,NULL,NULL),(248,10017,'2022-07-03',4,4,16,42,NULL,NULL),(249,10036,'2022-07-03',5,10,50,42,NULL,NULL),(250,10027,'2022-07-03',1,10,10,42,NULL,NULL),(251,10046,'2022-07-03',1,15,15,42,NULL,NULL),(252,10016,'2022-07-03',4,6,24,42,NULL,NULL),(253,10033,'2022-07-03',1,8,8,42,NULL,NULL),(254,10026,'2022-07-03',1,7,7,42,NULL,NULL),(255,10028,'2022-07-03',1,5,5,42,NULL,NULL),(256,10026,'2022-07-03',1,7,7,43,NULL,NULL),(257,10021,'2022-07-04',1,20,20,1,NULL,NULL),(258,10016,'2022-07-04',1,6,6,1,NULL,NULL),(259,10004,'2022-07-04',1,90,90,2,NULL,NULL),(260,10017,'2022-07-04',1,4,4,3,NULL,NULL),(261,10021,'2022-07-04',1,20,20,4,NULL,NULL),(262,10017,'2022-07-04',1,4,4,5,NULL,NULL),(263,10019,'2022-07-04',1,4,4,5,NULL,NULL),(264,10018,'2022-07-04',1,5,5,5,NULL,NULL),(265,10053,'2022-07-04',2,10,10,5,NULL,NULL),(266,10017,'2022-07-04',1,4,4,6,NULL,NULL),(267,10021,'2022-07-04',1,20,20,7,NULL,NULL),(268,10016,'2022-07-04',1,6,6,8,NULL,NULL),(269,10032,'2022-07-04',1,8,8,8,NULL,NULL),(270,10012,'2022-07-04',1,6,6,9,NULL,NULL),(271,10073,'2022-07-04',2,8,16,10,NULL,NULL),(272,10014,'2022-07-04',2,7,14,11,NULL,NULL),(273,10030,'2022-07-04',1,10,10,12,NULL,NULL),(274,10018,'2022-07-04',1,5,5,12,NULL,NULL),(275,10073,'2022-07-04',1,8,8,13,NULL,NULL),(276,10057,'2022-07-04',1,13,13,13,NULL,NULL),(277,10057,'2022-07-04',1,13,13,14,NULL,NULL),(278,10073,'2022-07-04',1,8,8,14,NULL,NULL),(279,10073,'2022-07-04',2,8,16,15,NULL,NULL),(280,10029,'2022-07-04',2,5,10,15,NULL,NULL),(281,10028,'2022-07-04',1,5,5,16,NULL,NULL),(282,10010,'2022-07-04',1,5,5,16,NULL,NULL),(283,10011,'2022-07-04',2,6,12,17,NULL,NULL),(284,10010,'2022-07-04',1,5,5,18,NULL,NULL),(285,10017,'2022-07-04',2,4,8,18,NULL,NULL),(286,10026,'2022-07-04',2,7,14,19,NULL,NULL),(287,10020,'2022-07-04',1,4,4,19,NULL,NULL),(288,10019,'2022-07-04',1,4,4,19,NULL,NULL),(289,10033,'2022-07-04',2,8,16,20,NULL,NULL),(290,10010,'2022-07-04',1,5,5,20,NULL,NULL),(291,10011,'2022-07-04',1,6,6,20,NULL,NULL),(292,10003,'2022-07-04',1,85,85,21,NULL,NULL),(293,10033,'2022-07-04',2,8,16,22,NULL,NULL),(294,10010,'2022-07-04',2,5,10,22,NULL,NULL),(295,10011,'2022-07-04',1,6,6,22,NULL,NULL),(296,10029,'2022-07-04',2,5,10,22,NULL,NULL),(297,10073,'2022-07-04',2,8,16,22,NULL,NULL),(298,10055,'2022-07-04',3,12,36,22,NULL,NULL),(299,10064,'2022-07-04',1,16,16,22,NULL,NULL),(300,10020,'2022-07-04',2,4,8,22,NULL,NULL),(301,10019,'2022-07-04',4,4,16,22,NULL,NULL),(302,10028,'2022-07-04',1,5,5,22,NULL,NULL),(303,10030,'2022-07-04',2,10,20,22,NULL,NULL),(304,10018,'2022-07-04',1,5,5,22,NULL,NULL),(305,10036,'2022-07-04',1,10,10,22,NULL,NULL),(306,10057,'2022-07-04',1,13,13,22,NULL,NULL),(307,10073,'2022-07-04',1,8,8,22,NULL,NULL),(308,10029,'2022-07-04',1,5,5,22,NULL,NULL),(309,10029,'2022-07-04',1,5,5,22,NULL,NULL),(310,10012,'2022-07-04',1,6,6,22,NULL,NULL),(311,10012,'2022-07-04',1,6,6,22,NULL,NULL),(312,10020,'2022-07-04',1,4,4,22,NULL,NULL),(313,10019,'2022-07-04',1,4,4,22,NULL,NULL),(314,10026,'2022-07-04',1,7,7,22,NULL,NULL),(315,10026,'2022-07-04',1,7,7,22,NULL,NULL),(316,10030,'2022-07-04',5,10,50,22,NULL,NULL),(317,10019,'2022-07-04',1,4,4,22,NULL,NULL),(318,10073,'2022-07-04',4,8,32,22,NULL,NULL),(319,10019,'2022-07-04',1,4,4,22,NULL,NULL),(320,10029,'2022-07-04',1,5,5,22,NULL,NULL),(321,10030,'2022-07-04',1,10,10,22,NULL,NULL),(322,10030,'2022-07-04',1,10,10,22,NULL,NULL),(323,10073,'2022-07-04',1,8,8,22,NULL,NULL),(324,10026,'2022-07-04',1,7,7,22,NULL,NULL),(325,10067,'2022-07-04',1,18,18,22,NULL,NULL),(326,10011,'2022-07-04',1,6,6,22,NULL,NULL),(327,10012,'2022-07-04',1,6,6,22,NULL,NULL),(328,10017,'2022-07-04',1,4,4,22,NULL,NULL),(329,10037,'2022-07-04',1,14,14,22,NULL,NULL),(330,10037,'2022-07-04',1,14,14,22,NULL,NULL),(331,10026,'2022-07-04',1,7,7,22,NULL,NULL),(332,10011,'2022-07-04',1,6,6,22,NULL,NULL),(333,10011,'2022-07-04',1,6,6,22,NULL,NULL),(334,10028,'2022-07-04',1,5,5,22,NULL,NULL),(335,10012,'2022-07-04',1,6,6,22,NULL,NULL),(336,10012,'2022-07-04',1,6,6,22,NULL,NULL),(337,10037,'2022-07-04',1,14,14,22,NULL,NULL),(338,10037,'2022-07-04',1,14,14,22,NULL,NULL),(339,10011,'2022-07-04',1,6,6,22,NULL,NULL),(340,10017,'2022-07-04',1,4,4,22,NULL,NULL),(341,10037,'2022-07-04',1,14,14,22,NULL,NULL),(342,10011,'2022-07-04',1,6,6,22,NULL,NULL),(343,10026,'2022-07-04',1,7,7,22,NULL,NULL),(344,10026,'2022-07-04',1,7,7,22,NULL,NULL),(345,10020,'2022-07-04',1,4,4,22,NULL,NULL),(346,10020,'2022-07-04',1,4,4,22,NULL,NULL),(347,10034,'2022-07-04',1,10,10,22,NULL,NULL),(348,10028,'2022-07-04',1,5,5,22,NULL,NULL),(349,10018,'2022-07-04',1,5,5,22,NULL,NULL),(350,10033,'2022-07-04',1,8,8,22,NULL,NULL),(351,10029,'2022-07-04',1,5,5,22,NULL,NULL),(352,10018,'2022-07-04',1,5,5,22,NULL,NULL),(353,10018,'2022-07-04',1,5,5,22,NULL,NULL),(354,10026,'2022-07-04',1,7,7,22,NULL,NULL),(355,10026,'2022-07-04',1,7,7,22,NULL,NULL),(356,10033,'2022-07-04',1,8,8,22,NULL,NULL),(357,10032,'2022-07-04',1,8,8,22,NULL,NULL),(358,10018,'2022-07-04',1,5,5,22,NULL,NULL),(359,10018,'2022-07-04',1,5,5,22,NULL,NULL),(360,10031,'2022-07-04',1,10,10,22,NULL,NULL),(361,10031,'2022-07-04',1,10,10,22,NULL,NULL),(362,10020,'2022-07-04',1,4,4,22,NULL,NULL),(363,10020,'2022-07-04',1,4,4,22,NULL,NULL),(364,10011,'2022-07-04',1,6,6,22,NULL,NULL),(365,10011,'2022-07-04',1,6,6,22,NULL,NULL),(366,10056,'2022-07-04',1,5,5,22,NULL,NULL),(367,10029,'2022-07-04',5,5,25,22,NULL,NULL),(368,10033,'2022-07-04',1,8,8,22,NULL,NULL),(369,10020,'2022-07-04',1,4,4,22,NULL,NULL),(370,10020,'2022-07-04',1,4,4,22,NULL,NULL),(371,10018,'2022-07-04',1,5,5,22,NULL,NULL),(372,10018,'2022-07-04',1,5,5,22,NULL,NULL),(373,10018,'2022-07-04',1,5,5,22,NULL,NULL),(374,10010,'2022-07-04',1,5,5,22,NULL,NULL),(375,10037,'2022-07-04',1,14,14,22,NULL,NULL),(376,10037,'2022-07-04',1,14,14,22,NULL,NULL),(377,10036,'2022-07-04',1,10,10,22,NULL,NULL),(378,10026,'2022-07-04',1,7,7,22,NULL,NULL),(379,10018,'2022-07-04',1,5,5,22,NULL,NULL),(380,10019,'2022-07-04',1,4,4,22,NULL,NULL),(381,10038,'2022-07-04',1,16,16,22,NULL,NULL),(382,10026,'2022-07-04',1,7,7,22,NULL,NULL),(383,10026,'2022-07-04',1,7,7,22,NULL,NULL),(384,10018,'2022-07-04',1,5,5,22,NULL,NULL),(385,10018,'2022-07-04',1,5,5,22,NULL,NULL),(386,10054,'2022-07-05',1,10,10,1,NULL,NULL),(387,10028,'2022-07-05',1,5,5,1,NULL,NULL),(388,10026,'2022-07-05',1,7,7,2,NULL,NULL),(389,10038,'2022-07-05',1,16,16,3,NULL,NULL),(390,10037,'2022-07-05',1,14,14,3,NULL,NULL),(391,10069,'2022-07-05',2,20,40,3,NULL,NULL),(392,10026,'2022-07-05',1,7,7,3,NULL,NULL),(393,10037,'2022-07-05',1,14,14,3,NULL,NULL),(394,10069,'2022-07-05',1,20,20,3,NULL,NULL),(395,10054,'2022-07-05',2,10,20,3,NULL,NULL),(396,10049,'2022-07-05',1,2,2,3,NULL,NULL),(397,10026,'2022-07-05',1,7,7,3,NULL,NULL),(398,10028,'2022-07-05',1,5,5,3,NULL,NULL),(399,10029,'2022-07-05',4,5,20,3,NULL,NULL),(400,10033,'2022-07-05',3,8,24,4,NULL,NULL),(401,10026,'2022-07-05',2,7,14,4,NULL,NULL),(402,10056,'2022-07-05',3,5,15,4,NULL,NULL),(403,10036,'2022-07-05',3,10,30,4,NULL,NULL),(404,10037,'2022-07-05',1,14,14,4,NULL,NULL),(405,10040,'2022-07-05',1,15,15,4,NULL,NULL),(406,10057,'2022-07-05',1,0,0,4,NULL,NULL),(407,10031,'2022-07-05',1,10,10,4,NULL,NULL),(408,10053,'2022-07-05',1,10,10,4,NULL,NULL),(409,10028,'2022-07-05',2,5,10,4,NULL,NULL),(410,10029,'2022-07-05',2,5,10,4,NULL,NULL),(411,10038,'2022-07-05',3,16,48,4,NULL,NULL),(412,10033,'2022-07-05',1,8,8,4,NULL,NULL),(413,10041,'2022-07-05',2,15,30,4,NULL,NULL),(414,10037,'2022-07-05',1,14,14,4,NULL,NULL),(415,10035,'2022-07-05',1,15,15,4,NULL,NULL),(416,10028,'2022-07-05',2,5,10,4,NULL,NULL),(417,10028,'2022-07-05',2,5,10,5,NULL,NULL),(418,10056,'2022-07-05',1,5,5,5,NULL,NULL),(419,10028,'2022-07-05',2,5,10,5,NULL,NULL),(420,10032,'2022-07-05',1,8,8,5,NULL,NULL),(421,10037,'2022-07-06',1,14,14,1,NULL,NULL),(422,10040,'2022-07-06',1,15,15,1,NULL,NULL),(423,10053,'2022-07-06',1,10,10,1,NULL,NULL),(424,10026,'2022-07-06',1,7,7,2,NULL,NULL),(425,10034,'2022-07-06',1,10,10,3,NULL,NULL),(426,10033,'2022-07-06',1,8,8,4,NULL,NULL),(427,10051,'2022-07-06',1,8,8,4,NULL,NULL),(428,10027,'2022-07-06',1,10,10,5,NULL,NULL),(429,10034,'2022-07-06',1,10,10,5,NULL,NULL),(430,10029,'2022-07-06',3,5,15,6,NULL,NULL),(431,10029,'2022-07-06',3,5,15,7,NULL,NULL),(432,10028,'2022-07-06',1,5,5,7,NULL,NULL),(433,10026,'2022-07-06',1,7,7,7,NULL,NULL),(434,10036,'2022-07-06',2,10,20,8,NULL,NULL),(435,10046,'2022-07-06',1,15,15,9,NULL,NULL),(436,10048,'2022-07-06',1,18,18,9,NULL,NULL),(437,10034,'2022-07-06',2,10,20,10,NULL,NULL),(438,10026,'2022-07-06',1,7,7,11,NULL,NULL),(439,10026,'2022-07-06',2,7,14,12,NULL,NULL),(440,10028,'2022-07-06',2,5,10,13,NULL,NULL),(441,10037,'2022-07-06',2,14,28,13,NULL,NULL),(442,10029,'2022-07-06',2,5,10,14,NULL,NULL),(443,10026,'2022-07-06',2,7,14,15,NULL,NULL),(444,10033,'2022-07-06',1,8,8,16,NULL,NULL),(445,10026,'2022-07-06',2,7,14,16,NULL,NULL),(446,10066,'2022-07-06',1,18,18,17,NULL,NULL),(447,10036,'2022-07-06',1,10,10,17,NULL,NULL),(448,10046,'2022-07-06',1,15,15,17,NULL,NULL),(449,10034,'2022-07-06',2,10,20,18,NULL,NULL),(450,10028,'2022-07-06',1,5,5,19,NULL,NULL),(451,10026,'2022-07-06',2,7,14,20,NULL,NULL),(452,10028,'2022-07-06',1,5,5,20,NULL,NULL),(453,10026,'2022-07-06',1,7,7,21,NULL,NULL),(454,10034,'2022-07-06',1,10,10,22,NULL,NULL),(455,10029,'2022-07-06',1,5,5,23,NULL,NULL),(456,10028,'2022-07-06',1,5,5,23,NULL,NULL),(457,10026,'2022-07-06',2,7,14,24,NULL,NULL),(458,10040,'2022-07-06',1,15,15,25,NULL,NULL),(459,10037,'2022-07-06',1,14,14,25,NULL,NULL),(460,10026,'2022-07-06',1,7,7,26,NULL,NULL),(461,10028,'2022-07-06',2,5,10,26,NULL,NULL),(462,10032,'2022-07-06',1,8,8,27,NULL,NULL),(463,10028,'2022-07-06',1,5,5,27,NULL,NULL),(464,10030,'2022-07-06',1,10,10,28,NULL,NULL),(465,10033,'2022-07-06',1,8,8,29,NULL,NULL),(466,10026,'2022-07-07',1,7,7,1,NULL,NULL),(467,10053,'2022-07-07',2,10,20,2,NULL,NULL),(468,10054,'2022-07-07',3,10,30,2,NULL,NULL),(469,10053,'2022-07-07',3,10,30,3,NULL,NULL),(470,10086,'2022-07-08',1,360,360,1,110,250),(471,10091,'2022-07-08',1,1800,1800,1,300,1500),(472,10066,'2022-07-08',1,18,18,1,7,11),(476,10104,'2022-07-08',1,90,90,3,0,90),(477,10091,'2022-07-08',1,1800,1800,3,300,1500),(478,10068,'2022-07-08',1,18,18,4,8,10),(479,10065,'2022-07-08',1,13,13,1,4,9),(480,10055,'2022-07-08',1,12,12,1,4,8),(481,10089,'2022-07-08',1,750,750,1,250,500),(482,10086,'2022-07-08',1,360,360,2,110,250),(484,10065,'2022-07-08',1,13,13,1,4,9),(485,10077,'2022-07-08',1,10,10,1,2,8),(487,10058,'2022-07-09',1,12,12,1,3,9),(488,10058,'2022-07-09',1,12,12,1,3,9),(489,10058,'2022-07-09',1,12,12,1,3,9),(490,10058,'2022-07-09',1,12,12,1,3,9),(491,10058,'2022-07-09',1,12,12,1,3,9),(492,10059,'2022-07-09',1,11,11,1,3,8),(493,10063,'2022-07-09',1,11,11,2,4,7),(494,10065,'2022-07-09',2,13,26,3,8,18),(495,10035,'2022-07-09',3,15,45,3,18,27),(496,10018,'2022-07-09',2,5,10,3,4,6),(497,10019,'2022-07-09',2,4,8,3,2,6),(498,10014,'2022-07-09',1,7,7,3,2,5),(499,10065,'2022-07-09',1,13,13,1,4,9),(500,10090,'2022-07-09',1,1200,1200,1,180,1020),(501,10088,'2022-07-09',1,1000,1000,2,150,850),(502,10086,'2022-07-09',1,360,360,2,110,250),(503,10046,'2022-07-09',1,15,15,3,10,5),(504,10063,'2022-07-09',1,11,11,3,4,7),(505,10083,'2022-07-09',1,10,10,3,2,8),(506,10059,'2022-07-09',1,11,11,1,3,8),(507,10018,'2022-07-09',1,5,5,1,2,3),(508,10058,'2022-07-09',1,12,12,1,3,9),(509,10063,'2022-07-09',1,11,11,1,4,7),(510,10023,'2022-07-09',1,10,10,1,2,8),(511,10013,'2022-07-09',1,6,6,1,1,5),(512,10065,'2022-07-09',1,13,13,1,4,9),(513,10047,'2022-07-09',1,15,15,1,11,4),(514,10055,'2022-07-09',1,12,12,2,4,8),(515,10007,'2022-07-09',1,100,100,2,60,40),(516,10063,'2022-07-09',1,11,11,1,4,7),(517,10065,'2022-07-09',1,13,13,1,4,9),(518,10018,'2022-07-09',1,5,5,1,2,3),(519,10019,'2022-07-09',1,4,4,1,1,3),(520,10063,'2022-07-09',1,11,11,1,4,7),(521,10063,'2022-07-09',1,11,11,1,4,7),(522,10015,'2022-07-09',1,6,6,1,3,3),(523,10065,'2022-07-09',1,13,13,1,4,9),(524,10046,'2022-07-09',1,15,15,1,10,5),(525,10023,'2022-07-09',1,10,10,1,2,8),(526,10084,'2022-07-09',1,48,48,1,24,24),(527,10059,'2022-07-09',1,11,11,1,3,8),(528,10063,'2022-07-09',1,11,11,1,4,7),(529,10013,'2022-07-09',1,6,6,1,1,5),(530,10023,'2022-07-09',1,10,10,1,2,8),(531,10065,'2022-07-09',1,13,13,1,4,9),(532,10051,'2022-07-09',1,8,8,1,2,6),(533,10054,'2022-07-09',1,10,10,1,5,5),(534,10055,'2022-07-09',1,12,12,1,4,8),(535,10062,'2022-07-09',1,15,15,2,4,11),(536,10050,'2022-07-09',1,8,8,2,1,7),(537,10061,'2022-07-09',1,18,18,2,4,14),(538,10045,'2022-07-09',1,18,18,3,5,13),(539,10036,'2022-07-09',1,10,10,3,3,7),(540,10001,'2022-07-09',1,70,70,3,25,45),(541,10058,'2022-07-10',1,12,12,1,3,9),(542,10059,'2022-07-11',1,11,11,1,3,8),(543,10017,'2022-07-11',1,4,4,1,1,3),(544,10059,'2022-07-11',1,11,11,1,3,8),(545,10063,'2022-07-11',1,11,11,1,4,7),(546,10058,'2022-07-11',1,12,12,1,3,9),(547,10059,'2022-07-11',1,11,11,1,3,8),(548,10059,'2022-07-11',1,11,11,1,3,8),(549,10059,'2022-07-11',1,11,11,1,3,8),(550,10046,'2022-07-11',1,15,15,1,10,5),(551,10059,'2022-07-11',1,11,11,2,3,8),(552,10089,'2022-07-11',1,750,750,3,250,500),(553,10058,'2022-07-11',1,12,12,1,3,9),(554,10059,'2022-07-11',1,11,11,1,3,8),(555,10058,'2022-07-11',1,12,12,1,3,9),(556,10065,'2022-07-11',1,13,13,1,4,9),(557,10050,'2022-07-11',1,8,8,2,1,7),(558,10092,'2022-07-11',1,2800,2800,1,450,2350),(559,10065,'2022-07-11',1,13,13,1,4,9),(560,10065,'2022-07-11',1,13,13,1,4,9),(561,10051,'2022-07-11',1,8,8,2,2,6),(562,10058,'2022-07-11',1,12,12,1,3,9),(563,10065,'2022-07-11',1,13,13,1,4,9),(564,10063,'2022-07-11',1,11,11,1,4,7),(565,10063,'2022-07-11',1,11,11,1,4,7),(566,10063,'2022-07-11',1,11,11,1,4,7),(567,10065,'2022-07-11',1,13,13,1,4,9),(568,10063,'2022-07-11',1,11,11,1,4,7),(569,10065,'2022-07-11',1,13,13,1,4,9),(570,10063,'2022-07-11',1,11,11,1,4,7),(571,10063,'2022-07-11',1,11,11,1,4,7),(572,10059,'2022-07-12',12,11,132,1,36,96),(573,10063,'2022-07-12',12,11,132,1,48,84),(574,10065,'2022-07-12',10,13,130,1,40,90),(575,10055,'2022-07-12',1,12,12,1,4,8),(576,10087,'2022-07-12',1,450,450,1,150,300),(577,10058,'2022-07-12',1,12,12,1,3,9),(578,10063,'2022-07-12',1,11,11,1,4,7),(579,10059,'2022-07-12',1,11,11,1,3,8),(580,10059,'2022-07-12',1,11,11,1,3,8),(581,10063,'2022-07-12',1,11,11,1,4,7),(582,10065,'2022-07-12',1,13,13,2,4,9),(583,10065,'2022-07-12',1,13,13,1,4,9),(584,10063,'2022-07-12',1,11,11,1,4,7),(585,10063,'2022-07-12',1,11,11,1,4,7),(586,10065,'2022-07-12',1,13,13,1,4,9);
/*!40000 ALTER TABLE `pedido_en_preparacion` ENABLE KEYS */;
UNLOCK TABLES;

--
-- Table structure for table `pedido_pagado`
--

DROP TABLE IF EXISTS `pedido_pagado`;
/*!40101 SET @saved_cs_client     = @@character_set_client */;
/*!40101 SET character_set_client = utf8 */;
CREATE TABLE `pedido_pagado` (
  `id_pedido_pagado` bigint(50) NOT NULL AUTO_INCREMENT,
  `monto_total_bs` double NOT NULL,
  `opcion_pago` varchar(50) NOT NULL COMMENT 'ya sea efectivo o tarjeta',
  `ciPersona` varchar(50) NOT NULL COMMENT 'carnet de identidad',
  `numero_comanda_pagado` bigint(50) NOT NULL,
  `fecha` date NOT NULL,
  `id_cliente_Cliente` bigint(50) DEFAULT NULL,
  `costo_pedido` double DEFAULT NULL,
  `utilidad_pedido` double DEFAULT NULL,
  PRIMARY KEY (`id_pedido_pagado`),
  KEY `ciPersona` (`ciPersona`),
  KEY `id_cliente_Cliente` (`id_cliente_Cliente`),
  KEY `id_cliente_Cliente_2` (`id_cliente_Cliente`),
  CONSTRAINT `pedido_pagado_ibfk_1` FOREIGN KEY (`ciPersona`) REFERENCES `persona` (`ci`) ON DELETE CASCADE ON UPDATE CASCADE,
  CONSTRAINT `pedido_pagado_ibfk_2` FOREIGN KEY (`id_cliente_Cliente`) REFERENCES `cliente` (`id_cliente`) ON DELETE CASCADE ON UPDATE CASCADE
) ENGINE=InnoDB AUTO_INCREMENT=197 DEFAULT CHARSET=utf8mb4 COMMENT='Registro de pedido ya entregados y pagados';
/*!40101 SET character_set_client = @saved_cs_client */;

--
-- Dumping data for table `pedido_pagado`
--

LOCK TABLES `pedido_pagado` WRITE;
/*!40000 ALTER TABLE `pedido_pagado` DISABLE KEYS */;
INSERT INTO `pedido_pagado` VALUES (18,20,'EFECTIVO','0',1,'2022-07-01',2,NULL,NULL),(19,13,'EFECTIVO','0',2,'2022-07-01',2,NULL,NULL),(20,70,'EFECTIVO','0',3,'2022-07-01',2,NULL,NULL),(21,28,'EFECTIVO','0',4,'2022-07-01',2,NULL,NULL),(22,26,'EFECTIVO','0',5,'2022-07-01',2,NULL,NULL),(23,8,'EFECTIVO','0',6,'2022-07-01',2,NULL,NULL),(25,34,'EFECTIVO','0',7,'2022-07-01',2,NULL,NULL),(26,170,'EFECTIVO','0',8,'2022-07-01',2,NULL,NULL),(27,11,'EFECTIVO','0',9,'2022-07-01',2,NULL,NULL),(28,22,'EFECTIVO','0',10,'2022-07-01',2,NULL,NULL),(29,22,'EFECTIVO','0',11,'2022-07-01',2,NULL,NULL),(30,26,'EFECTIVO','0',12,'2022-07-01',2,NULL,NULL),(31,11,'EFECTIVO','0',13,'2022-07-01',2,NULL,NULL),(32,42,'EFECTIVO','0',14,'2022-07-01',2,NULL,NULL),(33,15,'EFECTIVO','0',15,'2022-07-01',2,NULL,NULL),(34,20,'EFECTIVO','0',16,'2022-07-01',2,NULL,NULL),(35,40,'EFECTIVO','0',17,'2022-07-01',2,NULL,NULL),(36,80,'EFECTIVO','0',19,'2022-07-01',2,NULL,NULL),(37,25,'EFECTIVO','0',20,'2022-07-01',2,NULL,NULL),(38,26,'EFECTIVO','0',21,'2022-07-01',2,NULL,NULL),(39,26,'EFECTIVO','0',22,'2022-07-01',2,NULL,NULL),(40,85,'EFECTIVO','0',23,'2022-07-01',2,NULL,NULL),(41,100,'EFECTIVO','0',24,'2022-07-01',2,NULL,NULL),(42,48,'EFECTIVO','0',27,'2022-07-01',2,NULL,NULL),(43,85,'EFECTIVO','0',28,'2022-07-01',2,NULL,NULL),(44,36,'EFECTIVO','0',29,'2022-07-01',2,NULL,NULL),(45,36,'EFECTIVO','0',30,'2022-07-01',2,NULL,NULL),(46,13,'EFECTIVO','0',31,'2022-07-01',2,NULL,NULL),(47,9,'EFECTIVO','0',32,'2022-07-01',2,NULL,NULL),(48,9,'EFECTIVO','0',33,'2022-07-01',2,NULL,NULL),(49,20,'EFECTIVO','0',34,'2022-07-01',2,NULL,NULL),(50,12,'EFECTIVO','0',1,'2022-07-02',2,NULL,NULL),(51,10,'EFECTIVO','0',3,'2022-07-02',2,NULL,NULL),(52,165,'EFECTIVO','0',5,'2022-07-02',2,NULL,NULL),(53,70,'EFECTIVO','0',6,'2022-07-02',2,NULL,NULL),(54,48,'TARJETA','0',7,'2022-07-02',2,NULL,NULL),(55,25,'EFECTIVO','0',8,'2022-07-02',2,NULL,NULL),(56,16,'EFECTIVO','0',9,'2022-07-02',2,NULL,NULL),(57,6,'EFECTIVO','0',10,'2022-07-02',2,NULL,NULL),(58,10,'EFECTIVO','0',11,'2022-07-02',2,NULL,NULL),(59,134,'EFECTIVO','0',12,'2022-07-02',2,NULL,NULL),(60,8,'EFECTIVO','0',13,'2022-07-02',2,NULL,NULL),(61,11,'EFECTIVO','0',14,'2022-07-02',2,NULL,NULL),(62,8,'EFECTIVO','0',15,'2022-07-02',2,NULL,NULL),(63,85,'EFECTIVO','0',16,'2022-07-02',2,NULL,NULL),(64,6,'EFECTIVO','0',17,'2022-07-02',2,NULL,NULL),(65,6,'EFECTIVO','0',19,'2022-07-02',2,NULL,NULL),(66,10,'EFECTIVO','0',20,'2022-07-02',2,NULL,NULL),(67,70,'EFECTIVO','0',21,'2022-07-02',2,NULL,NULL),(68,484,'EFECTIVO','0',22,'2022-07-02',2,NULL,NULL),(69,33,'EFECTIVO','0',23,'2022-07-02',2,NULL,NULL),(70,12,'EFECTIVO','0',1,'2022-07-03',2,NULL,NULL),(71,6,'EFECTIVO','0',2,'2022-07-03',2,NULL,NULL),(72,32,'EFECTIVO','0',3,'2022-07-03',2,NULL,NULL),(73,21,'EFECTIVO','0',10,'2022-07-03',2,NULL,NULL),(74,30,'EFECTIVO','0',11,'2022-07-03',2,NULL,NULL),(75,55,'EFECTIVO','0',12,'2022-07-03',2,NULL,NULL),(76,80,'EFECTIVO','0',13,'2022-07-03',2,NULL,NULL),(77,12,'EFECTIVO','0',14,'2022-07-03',2,NULL,NULL),(78,85,'EFECTIVO','0',15,'2022-07-03',2,NULL,NULL),(79,70,'EFECTIVO','0',16,'2022-07-03',2,NULL,NULL),(80,7,'EFECTIVO','0',17,'2022-07-03',2,NULL,NULL),(81,8,'EFECTIVO','0',18,'2022-07-03',2,NULL,NULL),(82,80,'EFECTIVO','0',19,'2022-07-03',2,NULL,NULL),(83,85,'EFECTIVO','0',20,'2022-07-03',2,NULL,NULL),(84,6,'EFECTIVO','0',21,'2022-07-03',2,NULL,NULL),(85,85,'EFECTIVO','0',22,'2022-07-03',2,NULL,NULL),(86,6,'EFECTIVO','0',23,'2022-07-03',2,NULL,NULL),(87,18,'EFECTIVO','0',24,'2022-07-03',2,NULL,NULL),(88,12,'EFECTIVO','0',25,'2022-07-03',2,NULL,NULL),(89,4,'EFECTIVO','0',26,'2022-07-03',2,NULL,NULL),(90,70,'EFECTIVO','0',27,'2022-07-03',2,NULL,NULL),(91,44,'EFECTIVO','0',28,'2022-07-03',2,NULL,NULL),(92,44,'EFECTIVO','0',29,'2022-07-03',2,NULL,NULL),(93,36,'TARJETA','0',30,'2022-07-03',2,NULL,NULL),(94,42,'EFECTIVO','0',31,'2022-07-03',2,NULL,NULL),(95,121,'EFECTIVO','0',32,'2022-07-03',2,NULL,NULL),(96,18,'EFECTIVO','0',33,'2022-07-03',2,NULL,NULL),(97,22,'EFECTIVO','0',34,'2022-07-03',2,NULL,NULL),(98,30,'EFECTIVO','0',35,'2022-07-03',2,NULL,NULL),(99,85,'EFECTIVO','0',36,'2022-07-03',2,NULL,NULL),(101,36,'EFECTIVO','0',37,'2022-07-03',2,NULL,NULL),(102,54,'EFECTIVO','0',38,'2022-07-03',2,NULL,NULL),(103,90,'EFECTIVO','0',39,'2022-07-03',2,NULL,NULL),(104,22,'EFECTIVO','0',40,'2022-07-03',2,NULL,NULL),(105,8,'EFECTIVO','0',41,'2022-07-03',2,NULL,NULL),(106,412,'EFECTIVO','0',42,'2022-07-03',2,NULL,NULL),(107,7,'EFECTIVO','0',43,'2022-07-03',2,NULL,NULL),(108,26,'EFECTIVO','0',1,'2022-07-04',2,NULL,NULL),(109,90,'EFECTIVO','0',2,'2022-07-04',2,NULL,NULL),(110,4,'EFECTIVO','0',3,'2022-07-04',2,NULL,NULL),(111,20,'EFECTIVO','0',4,'2022-07-04',2,NULL,NULL),(112,23,'EFECTIVO','0',5,'2022-07-04',2,NULL,NULL),(113,4,'EFECTIVO','0',6,'2022-07-04',2,NULL,NULL),(114,20,'EFECTIVO','0',7,'2022-07-04',2,NULL,NULL),(115,14,'EFECTIVO','0',8,'2022-07-04',2,NULL,NULL),(116,6,'EFECTIVO','0',9,'2022-07-04',2,NULL,NULL),(117,16,'EFECTIVO','0',10,'2022-07-04',2,NULL,NULL),(119,14,'EFECTIVO','0',11,'2022-07-04',2,NULL,NULL),(120,15,'EFECTIVO','0',12,'2022-07-04',2,NULL,NULL),(122,21,'EFECTIVO','0',14,'2022-07-04',2,NULL,NULL),(123,26,'EFECTIVO','0',15,'2022-07-04',2,NULL,NULL),(124,10,'EFECTIVO','0',16,'2022-07-04',2,NULL,NULL),(125,12,'EFECTIVO','0',17,'2022-07-04',2,NULL,NULL),(126,13,'EFECTIVO','0',18,'2022-07-04',2,NULL,NULL),(127,22,'EFECTIVO','0',19,'2022-07-04',2,NULL,NULL),(128,27,'EFECTIVO','0',20,'2022-07-04',2,NULL,NULL),(129,85,'EFECTIVO','0',21,'2022-07-04',2,NULL,NULL),(130,717,'EFECTIVO','0',22,'2022-07-04',2,NULL,NULL),(131,113,'EFECTIVO','0',22,'2022-07-04',2,NULL,NULL),(132,15,'EFECTIVO','0',1,'2022-07-05',2,NULL,NULL),(133,7,'EFECTIVO','0',2,'2022-07-05',2,NULL,NULL),(134,165,'EFECTIVO','0',3,'2022-07-05',2,NULL,NULL),(135,277,'EFECTIVO','0',4,'2022-07-05',2,NULL,NULL),(136,33,'EFECTIVO','0',5,'2022-07-05',2,NULL,NULL),(137,39,'EFECTIVO','0',1,'2022-07-06',2,NULL,NULL),(138,17,'EFECTIVO','0',3,'2022-07-06',2,NULL,NULL),(139,16,'EFECTIVO','0',4,'2022-07-06',2,NULL,NULL),(140,20,'EFECTIVO','0',5,'2022-07-06',2,NULL,NULL),(141,15,'EFECTIVO','0',6,'2022-07-06',2,NULL,NULL),(142,27,'EFECTIVO','0',7,'2022-07-06',2,NULL,NULL),(143,20,'EFECTIVO','0',8,'2022-07-06',2,NULL,NULL),(144,33,'EFECTIVO','0',9,'2022-07-06',2,NULL,NULL),(145,20,'EFECTIVO','0',10,'2022-07-06',2,NULL,NULL),(146,7,'EFECTIVO','0',11,'2022-07-06',2,NULL,NULL),(147,14,'EFECTIVO','0',12,'2022-07-06',2,NULL,NULL),(148,38,'EFECTIVO','0',13,'2022-07-06',2,NULL,NULL),(149,10,'EFECTIVO','0',14,'2022-07-06',2,NULL,NULL),(150,14,'EFECTIVO','0',15,'2022-07-06',2,NULL,NULL),(151,22,'EFECTIVO','0',16,'2022-07-06',2,NULL,NULL),(152,43,'EFECTIVO','0',17,'2022-07-06',2,NULL,NULL),(153,20,'EFECTIVO','0',18,'2022-07-06',2,NULL,NULL),(154,5,'EFECTIVO','0',19,'2022-07-06',2,NULL,NULL),(155,26,'EFECTIVO','0',21,'2022-07-06',2,NULL,NULL),(156,10,'EFECTIVO','0',22,'2022-07-06',2,NULL,NULL),(157,10,'EFECTIVO','0',23,'2022-07-06',2,NULL,NULL),(158,14,'EFECTIVO','0',24,'2022-07-06',2,NULL,NULL),(159,29,'EFECTIVO','0',25,'2022-07-06',2,NULL,NULL),(160,17,'EFECTIVO','0',26,'2022-07-06',2,NULL,NULL),(161,13,'EFECTIVO','0',27,'2022-07-06',2,NULL,NULL),(162,10,'EFECTIVO','0',28,'2022-07-06',2,NULL,NULL),(163,8,'EFECTIVO','0',29,'2022-07-06',2,NULL,NULL),(164,7,'EFECTIVO','0',1,'2022-07-07',2,NULL,NULL),(165,50,'EFECTIVO','0',2,'2022-07-07',2,NULL,NULL),(166,30,'EFECTIVO','0',3,'2022-07-07',2,NULL,NULL),(167,1829,'EFECTIVO','8439484',4,'2022-07-08',160,311,1518),(168,2279,'TARJETA','0',3,'2022-07-08',2,420,1859),(169,38,'TARJETA','8439484',1,'2022-07-09',160,10,28),(170,15,'TARJETA','8439484',1,'2022-07-11',160,4,11),(171,22,'TARJETA','0',1,'2022-07-11',2,7,15),(172,12,'TARJETA','0',1,'2022-07-11',2,3,9),(173,11,'TARJETA','0',1,'2022-07-11',2,3,8),(174,11,'TARJETA','0',1,'2022-07-11',2,3,8),(175,11,'TARJETA','0',1,'2022-07-11',2,3,8),(176,15,'TARJETA','0',1,'2022-07-11',2,10,5),(178,11,'TARJETA','0',2,'2022-07-11',2,3,8),(179,750,'TARJETA','0',3,'2022-07-11',2,250,500),(180,12,'TARJETA','0',1,'2022-07-11',2,3,9),(181,11,'TARJETA','0',1,'2022-07-11',2,3,8),(182,12,'TARJETA','0',1,'2022-07-11',2,3,9),(183,13,'TARJETA','0',1,'2022-07-11',2,4,9),(184,8,'TARJETA','0',2,'2022-07-11',2,1,7),(185,2800,'TARJETA','0',1,'2022-07-11',2,450,2350),(186,13,'EFECTIVO','0',1,'2022-07-11',2,4,9),(187,13,'TARJETA','0',1,'2022-07-11',2,4,9),(188,8,'TARJETA','0',2,'2022-07-11',2,2,6),(189,406,'EFECTIVO','0',1,'2022-07-12',2,128,278),(190,450,'EFECTIVO','0',1,'2022-07-12',2,150,300),(191,12,'EFECTIVO','0',1,'2022-07-12',2,3,9),(192,11,'EFECTIVO','0',1,'2022-07-12',2,4,7),(193,11,'EFECTIVO','0',1,'2022-07-12',2,3,8),(195,11,'EFECTIVO','0',1,'2022-07-12',2,3,8),(196,11,'EFECTIVO','8439484',1,'2022-07-12',160,4,7);
/*!40000 ALTER TABLE `pedido_pagado` ENABLE KEYS */;
UNLOCK TABLES;

--
-- Table structure for table `persona`
--

DROP TABLE IF EXISTS `persona`;
/*!40101 SET @saved_cs_client     = @@character_set_client */;
/*!40101 SET character_set_client = utf8 */;
CREATE TABLE `persona` (
  `ci` varchar(50) NOT NULL COMMENT 'carnet de identidad',
  `nombre` varchar(50) DEFAULT NULL COMMENT 'nombre del cliente o trabajador',
  `apellido` varchar(50) DEFAULT NULL COMMENT 'apellido del cliente o trabajador',
  `celular` varchar(50) DEFAULT NULL COMMENT 'whatsapp',
  `nacimiento` date DEFAULT NULL COMMENT 'fecha de cumpleaños',
  PRIMARY KEY (`ci`)
) ENGINE=InnoDB DEFAULT CHARSET=utf8mb4 COMMENT='guardar todas las personas';
/*!40101 SET character_set_client = @saved_cs_client */;

--
-- Dumping data for table `persona`
--

LOCK TABLES `persona` WRITE;
/*!40000 ALTER TABLE `persona` DISABLE KEYS */;
INSERT INTO `persona` VALUES ('0','SN','SA','1','2022-06-30'),('8335423','ALEXA','LOPEZ','69816061','1992-10-07'),('8439484','JOSE MARCOS','LUNA VASQUEZ','62529292','1993-09-16'),('9167792','XIMENA ','QUELCA ZABALA','69987543','1999-05-04');
/*!40000 ALTER TABLE `persona` ENABLE KEYS */;
UNLOCK TABLES;

--
-- Table structure for table `producto_final`
--

DROP TABLE IF EXISTS `producto_final`;
/*!40101 SET @saved_cs_client     = @@character_set_client */;
/*!40101 SET character_set_client = utf8 */;
CREATE TABLE `producto_final` (
  `id_producto_final` bigint(50) NOT NULL COMMENT 'id que ya se tiene en el excel',
  `categoria` varchar(50) DEFAULT NULL COMMENT 'el tipo de producto',
  `nombre_producto` varchar(50) DEFAULT NULL COMMENT 'nombre del producto',
  `venta_bs` double NOT NULL COMMENT 'venta al consumidor',
  `costo_bs` double NOT NULL COMMENT 'precio adquirido',
  `utilidad_bs` double DEFAULT NULL,
  `detalle` varchar(50) DEFAULT NULL COMMENT 'datos adicionales',
  PRIMARY KEY (`id_producto_final`)
) ENGINE=InnoDB DEFAULT CHARSET=utf8mb4 COMMENT='Productos finales a la venta';
/*!40101 SET character_set_client = @saved_cs_client */;

--
-- Dumping data for table `producto_final`
--

LOCK TABLES `producto_final` WRITE;
/*!40000 ALTER TABLE `producto_final` DISABLE KEYS */;
INSERT INTO `producto_final` VALUES (10000,'Tortas','tradicional pequeño ',70,20,50,''),(10001,'Tortas','pequeño con chocolate ',70,25,45,''),(10002,'Tortas','tradicional Mediano',80,30,50,''),(10003,'Tortas','mediano con chocolate ',85,35,50,''),(10004,'Tortas','mediano con jalea',90,35,55,''),(10005,'Tortas','foto torta ',90,40,50,''),(10006,'Tortas','especiales selva negra ',100,60,40,''),(10007,'Tortas','especial mocka ',100,60,40,''),(10008,'Tortas','especial tres leches ',100,70,30,''),(10009,'Tortas','trad. Grande',120,25,95,''),(10010,'Masas','alfajor',5,3,2,''),(10011,'Masas','hojaldre',6,3,3,''),(10012,'Masas','pastel',6,2,4,''),(10013,'Masas','cupcake vainilla',6,1,5,''),(10014,'Masas','pie de manzana ',7,2,4,''),(10015,'Masas','pie de frutilla UNIDAD',6,3,3,''),(10016,'Masas','pie de durazno UNIDAD',6,3,3,''),(10017,'Masas','Dona',4,1,2,''),(10018,'Masas','croizantt',5,2,2,''),(10019,'Masas','empanada ',4,1,3,''),(10020,'Masas','rollo pequeño ',4,1,3,''),(10021,'Masas','rollo grande',20,15,5,''),(10022,'Masas','queque de naranja',10,5,5,''),(10023,'Masas','galleta 12U Chocolate',10,2,7,''),(10024,'Masas','yemas ',2,0,1,''),(10025,'Masas','cupcake frutilla',6,1,5,''),(10026,'Bebidas Calientes','Café Americano',7,3,4,''),(10027,'Bebidas Calientes','Café Expreso',10,2,8,''),(10028,'Bebidas Calientes','Trimate',5,2,3,''),(10029,'Bebidas Calientes','toddy ',5,3,2,''),(10030,'Bebidas Calientes','chocolate con leche',10,5,5,''),(10031,'Bebidas Calientes','chocolate con  malvabiscvo',10,4,6,''),(10032,'Bebidas Calientes','leche',8,1,6,''),(10033,'Bebidas Calientes','chocolate',8,3,5,''),(10034,'Bebidas Calientes','latte',10,3,7,''),(10035,'Bebidas Calientes','capuccino de vainilla',15,6,8,''),(10036,'Bebidas Calientes','capuccino simple',10,3,7,''),(10037,'Bebidas Calientes','capuccino completo',14,8,5,''),(10038,'Bebidas Calientes','submarino',16,8,7,''),(10039,'Bebidas Calientes','submarino de bon o bom ',15,9,6,''),(10040,'Bebidas Calientes','submarino de oreo',15,9,5,''),(10041,'Bebidas Calientes','mochaccino',15,6,8,''),(10042,'Bebidas Calientes','chai latte',15,4,10,''),(10043,'Bebidas Calientes','café bom bom',12,3,9,''),(10044,'Bebidas Calientes','café irlandes',18,5,12,''),(10045,'Bebidas Calientes','cappucino con baylies',18,5,12,''),(10046,'Bebidas Frías','Frappucino',15,10,4,''),(10047,'Bebidas Frías','frapuccino de oreo ',15,11,3,''),(10048,'Bebidas Frías','frappe de moka ',18,12,5,''),(10049,'Bebidas Frías','personales ',2,1,0,''),(10050,'Bebidas Frías','jugo de platano con agua',8,1,7,''),(10051,'Bebidas Frías','jugo de papaya con agua',8,2,6,''),(10052,'Bebidas Frías','jugo de frutilla con agua',8,4,4,''),(10053,'Bebidas Frías','jugo de platano con leche',10,2,8,''),(10054,'Bebidas Frías','jugo de papaya con leche',10,5,4,''),(10055,'Bebidas Frías','jugo de frutilla con leche',12,4,7,''),(10056,'Bebidas Calientes','Te',5,2,3,''),(10057,'Bebidas Calientes','Nute Latte',13,3,9,''),(10058,'Bebidas Frías','Affogato',12,3,8,''),(10059,'Bebidas Frías','cappuccino frio',11,3,8,''),(10060,'Bebidas Frías','Nutelatte frio',13,3,9,''),(10061,'Bebidas Frías','Frappe Baileys',18,4,13,''),(10062,'Bebidas Frías','Jugo Mix con agua',15,4,11,''),(10063,'Bebidas Frías','Jugo de Durazno con Papaya con agua',11,4,7,''),(10064,'Bebidas Frías','Jugo Mix con leche',16,3,13,''),(10065,'Bebidas Frías','Jugo de Durazno con Papaya con leche',13,4,8,''),(10066,'Heladería','Malteada de Fresa',18,7,11,''),(10067,'Heladería','Malteada de chocolate',18,7,11,''),(10068,'Heladería','Malteada de Vainilla',18,8,10,''),(10069,'Heladería','Copa Bom Bom',20,10,10,''),(10070,'Heladería','Copa Chips ahoy',20,10,10,''),(10071,'Heladería','Copa Oreo',20,10,10,''),(10072,'Masas','Porcion Italy',8,2,5,''),(10073,'Masas','Pastel 3 leches',8,3,4,''),(10074,'Masas','Pastel selva negra',8,3,5,''),(10075,'Masas','Cupcake chocolate',6,1,5,''),(10076,'Masas','Mil hojas',6,3,3,''),(10077,'Masas','Galletas 12U Naranja',10,2,7,''),(10078,'Tortas','tradicional pequeño Especial',75,0,75,''),(10079,'Tortas','tradicional mediana Especial',85,0,85,''),(10080,'Tortas','Mediano con Chocolate  Especial',90,0,90,''),(10081,'Tortas','Grande Especial',125,0,125,''),(10082,'Masas','Galletas 12U Coco',10,2,7,''),(10083,'Masas','Galletas 12U Vainilla',10,2,7,''),(10084,'Masas','pie de durazno ENTERO',48,24,24,''),(10085,'Masas','pie de frutilla ENTERO',48,24,24,''),(10086,'Contratos','Torta para 50 personas Normal con 2 piezas',360,110,250,''),(10087,'Contratos','Torta para 50 personas Normal cuadrado entero',450,150,300,'duplicado (en bd)'),(10088,'Contratos','Torta para 100 personas Normal con 5 piezas',900,150,750,'duplicado (en bd)'),(10089,'Contratos','Torta para 100 personas Normal cuadrado entero',750,250,500,'duplicado (en bd)'),(10090,'Contratos','Torta para 150 personas Normal con 6 piezas',1080,180,900,'duplicado (en bd)'),(10091,'Contratos','Torta para 200 personas Normal con 10 piezas',1800,300,1500,'duplicado (en bd)'),(10092,'Contratos','Torta para 300 personas Normal con 15 piezas',2700,450,2250,'duplicado (en bd)'),(10093,'Contratos','Torta para 400 personas Normal con 22 piezas',3960,660,3300,'duplicado (en bd)'),(10094,'Contratos','Torta para 500 personas Normal con 25 piezas',4500,750,3750,'duplicado (en bd)'),(10095,'Contratos','Torta para 50 personas Especial con 2 piezas',400,0,400,''),(10096,'Contratos','Torta para 50 personas Normal cuadrado entero',450,0,450,'duplicado (en bd)'),(10097,'Contratos','Torta para 100 personas Normal con 5 piezas',1000,0,1000,'duplicado (en bd)'),(10098,'Contratos','Torta para 100 personas Normal cuadrado entero',800,0,800,'duplicado (en bd)'),(10099,'Contratos','Torta para 150 personas Normal con 6 piezas',1200,0,1200,'duplicado (en bd)'),(10100,'Contratos','Torta para 200 personas Normal con 10 piezas',2000,0,2000,'duplicado (en bd)'),(10101,'Contratos','Torta para 300 personas Normal con 15 piezas',3000,0,3000,'duplicado (en bd)'),(10102,'Contratos','Torta para 400 personas Normal con 22 piezas',4400,0,4400,'duplicado (en bd)'),(10103,'Contratos','Torta para 500 personas Normal con 25 piezas',5000,0,5000,'duplicado (en bd)'),(10104,'Contratos','Foto torta Normal pequeña',90,0,90,''),(10105,'Contratos','foto torta Normal mediana',160,0,160,'duplicado (en bd)'),(10106,'Contratos','foto torta Normal grande',180,0,180,'duplicado (en bd)'),(10107,'Contratos','Foto torta Especial pequeña',90,0,90,''),(10108,'Contratos','foto torta Normal mediana',160,0,160,'duplicado (en bd)'),(10109,'Contratos','foto torta Normal grande',180,0,180,'duplicado (en bd)'),(10110,'Bebidas Calientes','mate coca',5,1,4,''),(10111,'Bebidas Calientes','mate anis',5,1,4,''),(10112,'Bebidas Calientes','mate manzanilla',5,1,4,'');
/*!40000 ALTER TABLE `producto_final` ENABLE KEYS */;
UNLOCK TABLES;

--
-- Table structure for table `registro_gastos`
--

DROP TABLE IF EXISTS `registro_gastos`;
/*!40101 SET @saved_cs_client     = @@character_set_client */;
/*!40101 SET character_set_client = utf8 */;
CREATE TABLE `registro_gastos` (
  `id_gasto` bigint(50) NOT NULL AUTO_INCREMENT,
  `id_trabajador_Trabajador` bigint(50) NOT NULL,
  `fecha` date NOT NULL,
  `tipo_registro` varchar(50) NOT NULL COMMENT 'Gasto o costo (compras)',
  `monto_bs` double NOT NULL,
  `detalle` varchar(50) NOT NULL COMMENT 'indica lo que se compró',
  PRIMARY KEY (`id_gasto`),
  KEY `id_trabajador` (`id_trabajador_Trabajador`),
  CONSTRAINT `registro_gastos_ibfk_1` FOREIGN KEY (`id_trabajador_Trabajador`) REFERENCES `trabajador` (`id_trabajador`) ON DELETE CASCADE ON UPDATE CASCADE
) ENGINE=InnoDB AUTO_INCREMENT=63 DEFAULT CHARSET=utf8mb4 COMMENT='registra los costos y los gastos';
/*!40101 SET character_set_client = @saved_cs_client */;

--
-- Dumping data for table `registro_gastos`
--

LOCK TABLES `registro_gastos` WRITE;
/*!40000 ALTER TABLE `registro_gastos` DISABLE KEYS */;
INSERT INTO `registro_gastos` VALUES (12,3,'2022-07-01','GASTO',7,'PLATANO'),(13,3,'2022-07-01','GASTO',20,'DOS ALMUERZOS'),(14,3,'2022-07-01','GASTO',5.5,'PLATILLOS'),(15,3,'2022-07-01','GASTO',14,'BOLSAS PARA ROLLO'),(16,3,'2022-07-01','GASTO',20,'BOLSA BLANCA '),(17,3,'2022-07-01','GASTO',37,'PLATO LECHONERO'),(18,3,'2022-07-01','GASTO',6,'2 PARES DE BATERIAS'),(19,3,'2022-07-01','GASTO',6,'2 PARESA DE BATERIAS'),(20,3,'2022-07-01','GASTO',2,'PAN '),(21,3,'2022-07-01','GASTO',200,'PASANAKO'),(22,3,'2022-07-02','GASTO',10,'2 PLATILLOS'),(23,3,'2022-07-02','GASTO',2,'PAN'),(24,3,'2022-07-02','GASTO',57,'LECHE'),(25,3,'2022-07-02','GASTO',5.5,'BOLSA'),(26,3,'2022-07-02','GASTO',10,'2 PLATILLO'),(27,3,'2022-07-03','GASTO',30,'3 ALMUERZO'),(28,3,'2022-07-03','GASTO',9,'5 PARES DE GUANTES '),(29,3,'2022-07-03','GASTO',12,'ALMUERZO GARDENIA'),(30,3,'2022-07-03','GASTO',2,'YUREX'),(31,3,'2022-07-03','GASTO',200,'PASANAKO'),(32,3,'2022-07-03','GASTO',2,'PAN'),(33,3,'2022-07-03','GASTO',15,'PASAJES'),(34,3,'2022-07-03','GASTO',60,'EXTRA '),(35,1,'2022-07-04','GASTO',1.5,'BOLIGRAFO '),(36,1,'2022-07-04','GASTO',200,'PASANAKO'),(37,1,'2022-07-04','GASTO',10,'PASAJES '),(38,3,'2022-07-05','GASTO',30,'2 ALMUERZO'),(39,3,'2022-07-05','GASTO',10,'GARDEÑA'),(40,3,'2022-07-05','GASTO',2,'2 BON O BON'),(41,3,'2022-07-05','GASTO',200,'PASANAKO'),(42,3,'2022-07-05','GASTO',1,'GARDEÑA '),(43,3,'2022-07-05','GASTO',8,'GUANTES'),(44,3,'2022-07-06','GASTO',3,'6 PAN'),(45,3,'2022-07-06','GASTO',58,'10 UNID. LECHE'),(46,3,'2022-07-06','GASTO',5,'1 PAPAYA'),(47,3,'2022-07-06','GASTO',25,'AZUCAR 5 KG'),(48,3,'2022-07-06','GASTO',200,'PASANAKO'),(49,3,'2022-07-06','GASTO',20,'PASAJES'),(50,3,'2022-07-07','GASTO',27,'24 UNID. PERSONALES'),(51,3,'2022-07-07','GASTO',3,'PAN'),(52,3,'2022-07-07','GASTO',5,'GARDENIA'),(53,3,'2022-07-07','GASTO',25,'AGUA 7 LITROS'),(54,3,'2022-07-07','GASTO',30,'3 ALMUERZOS'),(55,3,'2022-07-07','GASTO',50,'GARDENIA'),(56,3,'2022-07-07','GASTO',5,'ENCHUFE'),(57,3,'2022-07-07','GASTO',90,'PAGO EGEL '),(58,3,'2022-07-08','GASTO',30,'3 ALUERZOS '),(59,2,'2022-07-09','GASTO',5,'PASAJES'),(61,2,'2022-07-09','GASTO',10,'PASAJES'),(62,2,'2022-07-12','GASTO',5,'PAN');
/*!40000 ALTER TABLE `registro_gastos` ENABLE KEYS */;
UNLOCK TABLES;

--
-- Table structure for table `trabajador`
--

DROP TABLE IF EXISTS `trabajador`;
/*!40101 SET @saved_cs_client     = @@character_set_client */;
/*!40101 SET character_set_client = utf8 */;
CREATE TABLE `trabajador` (
  `id_trabajador` bigint(50) NOT NULL AUTO_INCREMENT,
  `ciPersona` varchar(50) DEFAULT NULL,
  `usuario` varchar(50) DEFAULT NULL,
  `password` varchar(50) NOT NULL,
  PRIMARY KEY (`id_trabajador`),
  KEY `ciPersona` (`ciPersona`),
  CONSTRAINT `trabajador_ibfk_1` FOREIGN KEY (`ciPersona`) REFERENCES `persona` (`ci`) ON DELETE CASCADE ON UPDATE CASCADE
) ENGINE=InnoDB AUTO_INCREMENT=4 DEFAULT CHARSET=utf8mb4 COMMENT='Trabajadores vigentes';
/*!40101 SET character_set_client = @saved_cs_client */;

--
-- Dumping data for table `trabajador`
--

LOCK TABLES `trabajador` WRITE;
/*!40000 ALTER TABLE `trabajador` DISABLE KEYS */;
INSERT INTO `trabajador` VALUES (1,'8335423','ADMIN1','italy123'),(2,'8439484','JMLUNA','12345'),(3,'9167792','CAJERO1','1234');
/*!40000 ALTER TABLE `trabajador` ENABLE KEYS */;
UNLOCK TABLES;
/*!40103 SET TIME_ZONE=@OLD_TIME_ZONE */;

/*!40101 SET SQL_MODE=@OLD_SQL_MODE */;
/*!40014 SET FOREIGN_KEY_CHECKS=@OLD_FOREIGN_KEY_CHECKS */;
/*!40014 SET UNIQUE_CHECKS=@OLD_UNIQUE_CHECKS */;
/*!40101 SET CHARACTER_SET_CLIENT=@OLD_CHARACTER_SET_CLIENT */;
/*!40101 SET CHARACTER_SET_RESULTS=@OLD_CHARACTER_SET_RESULTS */;
/*!40101 SET COLLATION_CONNECTION=@OLD_COLLATION_CONNECTION */;
/*!40111 SET SQL_NOTES=@OLD_SQL_NOTES */;

-- Dump completed on 2022-07-12 17:53:04
